id,name,category
DOMINANT,Dominant,COMMAND
HARBINGER_OF_EVIL,Harbinger of Evil,COURAGE
SPECTRAL_WALK,Spectral Walk,MOVEMENT
TERROR,Terror,COURAGE
WILL_OF_EVIL,Will of Evil,MAGIC
HE_CANNOT_YET_TAKE_PHYSICAL_FORM,He Cannot Yet Take Physical Form,SPECIAL
DRAIN_SOUL,Drain Soul,OFFENCE
MASTER_OF_THE_NAZGUL,Master of the Nazgûl,COMMAND
UNHOLY_RESURRECTION,Unholy Resurrection,SPECIAL
EXECUTIONER,Executioner,OFFENCE
BANE_OF_KINGS,Bane of Kings,OFFENCE
UNNATURAL_SPEED,Unnatural Speed,MOVEMENT
SPIRITUAL_DISPLACEMENT,Spiritual Displacement,MOVEMENT
ANGMAR_ARISE_SOM,Angmar Arise,OFFENCE
POISONED_ATTACKS,Poisoned Attacks,OFFENCE
SWIFT_MOVEMENT,Swift Movement,MOVEMENT
SPIDER_WEBS,Spider Webs,SPECIAL
STALK_UNSEEN,Stalk Unseen,DEFENCE
SILENT_HUNTERS,Silent Hunters,DEFENCE
BURLY,Burly,SPECIAL
ANCIENT_ENEMIES,Ancient Enemies,OFFENCE
BACKSTABBERS,Backstabbers,OFFENCE
BLADES_OF_THE_DEAD,Blades of the Dead,OFFENCE
HATRED,Hatred,OFFENCE
MIGHTY_BLOW,Mighty Blow,OFFENCE
VENOM,Venom,OFFENCE
XBANE,Xbane,OFFENCE
WINDLANCE_TRAINED,Windlance Trained,SPECIAL
LORD_OF_DALE,Lord of Dale,COMMAND
SHARPSHOOTER,Sharpshooter,SHOOTING
RAPID_FIRE,Rapid Fire,SHOOTING
SWIFT_SHOT,Swift Shot,SHOOTING
WINDLANCE_TRAINED,Windlance Trained,SPECIAL
BLACK_ARROW,The Black Arrow,SHOOTING
SWORN_PROTECTOR,Sworn Protector,SPECIAL
FAMILY_BOND,Family Bond,SPECIAL
FEARFUL,Fearful,SPECIAL
DA_DOWN_HERE,"Da! Down here!",SPECIAL
TORTURER,Torturer,OFFENCE
YOU_HAVE_SOMETHING_MY_MASTER_WANTS,You have something my master wants,OFFENCE
SAVAGE_HUNTERS,Savage Hunters,OFFENCE
FELL_SIGHT,Fell Sight,SPECIAL
AUTOMATONS,Automatons,COMMAND
WILL_OF_THE_NECROMANCER,Will of the Necromancer,DEFENCE
BOUND_IN_SHADOW,Bound in Shadow,COURAGE
FEARLESS,Fearless,COURAGE
PACK_MASTER,Pack Master,COMMAND
GENERAL_OF_THE_NORTH,General of the North,COMMAND
I_AM_THE_MASTER,I am the Master,OFFENCE
SHATTERED_SPIRIT,Shattered Spirit,SPECIAL
BRINGER_OF_DEATH,The Bringer of Death,SPECIAL
MIGHTY_HERO,Mighty Hero,SPECIAL
EXPERT_RIDER,Expert Rider,MOBILITY
EXPERT_SHOT,Expert Shot,SHOOTING
HUNT_MASTER,Hunt Master,SPECIAL
LETHAL_AIM,Lethal Aim,SHOOTING
PRICE_OF_FAILURE,Price of Failure,SPECIAL