id,name,points,movement,base_size_mm,fight,shooting,strength,defence,attacks,wounds,courage,intelligence,might,will,fate,max_in_army,heroic_status,model_types,races
DG_NEC,Sauron The Necromancer,200,6",40,7,4+,6,8,2,1,4+,3+,3,25,0,1,HERO,INFANTRY,SPIRIT
DG_WK,The Witch-king of Angmar (Dol Guldur),80,6",25,6,4+,4,6,2,1,4+,5+,3,1,0,1,HERO,INFANTRY,SPIRIT|RINGWRAITH
DG_KHM,Khamûl (Dol Guldur),80,6",25,5,4+,4,6,3,1,4+,5+,1,1,0,1,HERO,INFANTRY,SPIRIT|RINGWRAITH
DG_DH,The Dark Headsman,80,6",25,5,4+,4,6,2,1,4+,5+,1,1,0,1,HERO,INFANTRY,SPIRIT|RINGWRAITH
DG_FS,The Forsaken,80,6",25,5,4+,4,6,2,1,4+,5+,1,1,0,1,HERO,INFANTRY,SPIRIT|RINGWRAITH
DG_LS,The Lingering Shadow,80,6",25,5,4+,4,6,2,1,4+,5+,1,1,0,1,HERO,INFANTRY,SPIRIT|RINGWRAITH
DG_AK,The Abyssal Knight,80,6",25,5,4+,4,6,2,1,4+,5+,1,1,0,2,HERO,INFANTRY,SPIRIT|RINGWRAITH
DG_SM,The Slayer of Men,80,6",25,5,4+,4,6,2,1,4+,5+,1,1,0,2,HERO,INFANTRY,SPIRIT|RINGWRAITH
DG_MGS,Mirkwood Giant Spider,20,10",60,2,5+,5,3,2,2,7+,8+,0,0,0,0,WARRIOR,BEAST|INFANTRY,SPIDER
DG_MHS,Mirkwood Hunting Spider,20,10",40,3,6+,5,3,2,2,8+,8+,0,0,0,0,WARRIOR,BEAST|INFANTRY,SPIDER
DG_KEEPER,The Keeper of the Dungeons,80,6",25,5,5+,5,6,3,2,5+,6+,3,3,0,1,HERO,INFANTRY,ORC
DG_HOC,Hunter Orc Captain,45,6",25,4,4+,4,5,2,2,7+,7+,2,1,1,0,HERO,INFANTRY,ORC
DG_HOW,Hunter Orc Warrior,8,6",25,3,4+,4,4,1,1,8+,8+,0,0,0,0,WARRIOR,INFANTRY,ORC
DG_HOWR,Hunter Orc Warg Rider,15,6",25,3,4+,4,4,1,1,8+,8+,0,0,0,0,WARRIOR,CAVALRY,ORC
DG_FW,Fell Warg,8,10",25,3,6+,4,4,1,1,8+,7+,0,0,0,0,WARRIOR,BEAST|INFANTRY,WARG
DG_CASTELLAN,Castellan of Dol Guldur,50,6",25,5,4+,5,6,2,1,4+,7+,0,10,0,0,HERO,INFANTRY,SPIRIT
BOLG_SPAWN_OF_AZOG,"Bolg, Spawn of Azog",175,"6""",25,7,4+,5,7,3,3,5+,5+,3,3,1,1,HERO,INFANTRY,ORC
YAZNEG,"Yazneg, Hunter Orc Captain",55,"6""",25,5,5+,4,5,2,2,6+,6+,3,1,1,1,HERO,INFANTRY,ORC
NARZUG,"Narzug, Hunter Orc Captain",55,"6""",25,4,3+,4,4,2,2,6+,6+,2,2,1,1,HERO,INFANTRY,ORC
FIMBUL,"Fimbul, Hunter Orc Captain",50,"6""",25,4,5+,4,5,2,2,6+,7+,2,1,1,1,HERO,INFANTRY,ORC