profile_id,wargear_id
IH_WR,WG_HEAVY_ARMOUR
IH_WR,WG_HAND_WEAPON
IH_DAIN,WG_HEAVY_DWARF_ARMOUR
IH_DAIN,WG_TWO_HANDED_WEAPON
IH_CAP,WG_HEAVY_ARMOUR
IH_CAP,WG_SHIELD
IH_CAP,WG_SPEAR
IH_CAP,WG_HAND_WEAPON
IH_GR,WG_HEAVY_ARMOUR
IH_GR,WG_WAR_SPEAR
IH_GR,WG_HAND_WEAPON
IH_CHARIOT,WG_HEAVY_ARMOUR
IH_CHARIOT,WG_HAND_WEAPON
IH_CHARIOT,WG_RAPID_FIRE_BOLT_THROWER
DALE_GIRION,WG_ARMOUR
DALE_GIRION,WG_HAND_WEAPON
DALE_CAPTAIN,WG_ARMOUR
DALE_CAPTAIN,WG_SHIELD
DALE_CAPTAIN,WG_HAND_WEAPON
DALE_WARRIOR,WG_ARMOUR
DALE_WARRIOR,WG_HAND_WEAPON
DALE_SIEGE_CREW,WG_ARMOUR
DALE_SIEGE_CREW,WG_HAND_WEAPON
IH_SIEGE_CREW,WG_HEAVY_ARMOUR
IH_SIEGE_CREW,WG_HAND_WEAPON
BARD,WG_HAND_WEAPON
BARD,WG_GREAT_BOW
BAIN,WG_HAND_WEAPON
DG_NEC,WG_SPECTRAL_HANDS
DG_WK,WG_ARMOUR
DG_WK,WG_HAND_WEAPON
DG_KHM,WG_ARMOUR
DG_KHM,WG_TWO_HANDED_WEAPON
DG_DH,WG_ARMOUR
DG_DH,WG_HAND_WEAPON
DG_FS,WG_ARMOUR
DG_FS,WG_SPEAR
DG_LS,WG_ARMOUR
DG_LS,WG_HAND_WEAPON
DG_AK,WG_ARMOUR
DG_AK,WG_ELVEN_HAND_AND_A_HALF_WEAPON
DG_SM,WG_ARMOUR
DG_SM,WG_TWO_HANDED_WEAPON
DG_MGS,WG_FANGS
DG_MHS,WG_FANGS
DG_KEEPER,WG_HEAVY_ARMOUR
DG_KEEPER,WG_TWO_HANDED_WEAPON
DG_HOC,WG_ARMOUR
DG_HOC,WG_HAND_WEAPON
DG_HOW,WG_ARMOUR
DG_HOW,WG_HAND_WEAPON
DG_HOWR,WG_ARMOUR
DG_HOWR,WG_HAND_WEAPON
DG_FW,WG_CLAWS_AND_TEETH
DG_CASTELLAN,WG_ARMOUR
DG_CASTELLAN,WG_HAND_WEAPON
DG_CASTELLAN,WG_MORGUL_BLADE
AZOG_THE_DEFILER,WG_HAND_WEAPON
GUNDABAD_ORC_CAPTAIN,WG_HEAVY_ARMOUR
GUNDABAD_ORC_CAPTAIN,WG_SHIELD
GUNDABAD_ORC_CAPTAIN,WG_HAND_WEAPON
GUNDABAD_ORC_WARRIOR,WG_HEAVY_ARMOUR
GUNDABAD_ORC_WARRIOR,WG_HAND_WEAPON
THRAIN_THE_BROKEN,WG_HAND_WEAPON
WHITE_WARG_SEPARATED,WG_CLAWS_AND_TEETH
BOLG_SPAWN_OF_AZOG,WG_HEAVY_ARMOUR
BOLG_SPAWN_OF_AZOG,WG_TWO_HANDED_WEAPON
YAZNEG,WG_ARMOUR
YAZNEG,WG_TWO_HANDED_WEAPON
NARZUG,WG_LIGHT_ARMOUR
NARZUG,WG_HAND_WEAPON
NARZUG,WG_ORC_BOW
FIMBUL,WG_ARMOUR
FIMBUL,WG_HAND_WEAPON