option_id,wargear_id,action
IH_WR_BANNER_SHIELD,WG_BANNER,grant
IH_WR_BANNER_SHIELD,WG_SHIELD,grant
IH_WR_BANNER,WG_BANNER,grant
IH_WR_SHIELD_SPEAR,WG_SHIELD,grant
IH_WR_SHIELD_SPEAR,WG_SPEAR,grant
IH_WR_CROSSBOW,WG_CROSSBOW,grant
IH_WR_MATTOCK,WG_MATTOCK,grant
IH_CAP_MATTOCK,WG_SHIELD,remove
IH_CAP_MATTOCK,WG_SPEAR,remove
IH_CAP_MATTOCK,WG_MATTOCK,grant
IH_GR_MATTOCK,WG_WAR_SPEAR,remove
IH_GR_MATTOCK,WG_MATTOCK,grant
DALE_WARRIOR_BANNER,WG_BANNER,grant
DALE_WARRIOR_WAR_HORN,WG_WAR_HORN,grant
DALE_WARRIOR_ESGAROTH_BOW,WG_ESGAROTH_BOW,grant
DALE_WARRIOR_SHIELD_SPEAR,WG_SHIELD,grant
DALE_WARRIOR_SHIELD_SPEAR,WG_SPEAR,grant
DALE_WARRIOR_SHIELD,WG_SHIELD,grant
IH_WR_SHIELD_SPEAR_FIVE_ARMIES,WG_SHIELD,grant
IH_WR_SHIELD_SPEAR_FIVE_ARMIES,WG_SPEAR,grant
LAKE_TOWN_MILITIA_SPEAR,WG_SPEAR,grant
BARD_ARMOUR_HORSE,WG_GREAT_BOW,remove
BARD_ARMOUR_HORSE,WG_ARMOUR,grant
DG_HOC_ORC_BOW,WG_ORC_BOW,grant
DG_HOC_TWO_HANDED_WEAPON,WG_TWO_HANDED_WEAPON,grant
DG_HOW_ORC_BOW,WG_ORC_BOW,grant
DG_HOW_TWO_HANDED_WEAPON,WG_TWO_HANDED_WEAPON,grant
DG_HOWR_ORC_BOW,WG_ORC_BOW,grant
DG_HOWR_TWO_HANDED_WEAPON,WG_TWO_HANDED_WEAPON,grant
DG_HOC_ORC_BOW_PITS,WG_ORC_BOW,grant
DG_HOC_TWO_HANDED_WEAPON_PITS,WG_TWO_HANDED_WEAPON,grant
DG_HOW_ORC_BOW_PITS,WG_ORC_BOW,grant
DG_HOW_TWO_HANDED_WEAPON_PITS,WG_TWO_HANDED_WEAPON,grant
DG_HOWR_ORC_BOW_PITS,WG_ORC_BOW,grant
DG_HOWR_TWO_HANDED_WEAPON_PITS,WG_TWO_HANDED_WEAPON,grant
GUNDABAD_ORC_WARRIOR_BANNER_SHIELD_PITS,WG_BANNER,grant
GUNDABAD_ORC_WARRIOR_BANNER_SHIELD_PITS,WG_SHIELD,grant
GUNDABAD_ORC_WARRIOR_BANNER_PITS,WG_BANNER,grant
GUNDABAD_ORC_WARRIOR_SHIELD_PITS,WG_SHIELD,grant
GUNDABAD_ORC_WARRIOR_SPEAR_PITS,WG_SPEAR,grant
BOLG_ORC_BOW,WG_ORC_BOW,grant
DG_HOC_ORC_BOW_AH,WG_ORC_BOW,grant
DG_HOC_TWO_HANDED_WEAPON_AH,WG_TWO_HANDED_WEAPON,grant
DG_HOW_ORC_BOW_AH,WG_ORC_BOW,grant
DG_HOW_TWO_HANDED_WEAPON_AH,WG_TWO_HANDED_WEAPON,grant
DG_HOWR_ORC_BOW_AH,WG_ORC_BOW,grant
DG_HOWR_TWO_HANDED_WEAPON_AH,WG_TWO_HANDED_WEAPON,grant
YAZNEG_FELL_WARG_AND_LANCE,WG_LANCE,grant