profile_id,rule_id,parameter
DG_NEC,DOMINANT,5
DG_NEC,HARBINGER_OF_EVIL,18
DG_NEC,SPECTRAL_WALK
DG_NEC,TERROR
DG_NEC,WILL_OF_EVIL
DG_NEC,HE_CANNOT_YET_TAKE_PHYSICAL_FORM
DG_NEC,DRAIN_SOUL
DG_NEC,MASTER_OF_THE_NAZGUL
DG_WK,DOMINANT,2
DG_WK,HARBINGER_OF_EVIL,12
DG_WK,TERROR
DG_WK,UNHOLY_RESURRECTION
DG_KHM,DOMINANT,2
DG_KHM,HARBINGER_OF_EVIL,12
DG_KHM,TERROR
DG_KHM,UNHOLY_RESURRECTION
DG_DH,DOMINANT,2
DG_DH,HARBINGER_OF_EVIL,12
DG_DH,TERROR
DG_DH,UNHOLY_RESURRECTION
DG_DH,EXECUTIONER
DG_FS,DOMINANT,2
DG_FS,HARBINGER_OF_EVIL,12
DG_FS,TERROR
DG_FS,UNHOLY_RESURRECTION
DG_FS,BANE_OF_KINGS
DG_LS,DOMINANT,2
DG_LS,HARBINGER_OF_EVIL,12
DG_LS,TERROR
DG_LS,UNHOLY_RESURRECTION
DG_LS,UNNATURAL_SPEED
DG_AK,DOMINANT,2
DG_AK,HARBINGER_OF_EVIL,12
DG_AK,TERROR
DG_AK,UNHOLY_RESURRECTION
DG_AK,SPIRITUAL_DISPLACEMENT
DG_SM,DOMINANT,2
DG_SM,HARBINGER_OF_EVIL,12
DG_SM,TERROR
DG_SM,UNHOLY_RESURRECTION
DG_SM,ANGMAR_ARISE_SOM
DG_MGS,POISONED_ATTACKS
DG_MGS,SWIFT_MOVEMENT
DG_MGS,TERROR
DG_MGS,SPIDER_WEBS
DG_MHS,POISONED_ATTACKS
DG_MHS,STALK_UNSEEN
DG_MHS,SWIFT_MOVEMENT
DG_MHS,TERROR
DG_MHS,SILENT_HUNTERS
DG_NEC,DRAIN_SOUL
DG_NEC,MASTER_OF_THE_NAZGUL
DG_KEEPER,BURLY
DG_KEEPER,TORTURER
DG_KEEPER,YOU_HAVE_SOMETHING_MY_MASTER_WANTS
DG_HOC,SAVAGE_HUNTERS
DG_HOW,SAVAGE_HUNTERS
DG_HOWR,SAVAGE_HUNTERS
DG_FW,FELL_SIGHT
DG_CASTELLAN,TERROR
DG_CASTELLAN,WILL_OF_EVIL
DG_CASTELLAN,AUTOMATONS
DG_CASTELLAN,WILL_OF_THE_NECROMANCER
DG_CASTELLAN,BOUND_IN_SHADOW
GUNDABAD_ORC_CAPTAIN,ANCIENT_ENEMIES,DWARF
GUNDABAD_ORC_CAPTAIN,ANCIENT_ENEMIES,ELF
GUNDABAD_ORC_WARRIOR,ANCIENT_ENEMIES,DWARF
GUNDABAD_ORC_WARRIOR,ANCIENT_ENEMIES,ELF
WHITE_WARG_SEPARATED,FEARLESS
WHITE_WARG_SEPARATED,FELL_SIGHT
WHITE_WARG_SEPARATED,TERROR
WHITE_WARG_SEPARATED,PACK_MASTER
AZOG_THE_DEFILER,BURLY
AZOG_THE_DEFILER,GENERAL_OF_THE_NORTH
AZOG_THE_DEFILER,I_AM_THE_MASTER
THRAIN_THE_BROKEN,SHATTERED_SPIRIT
BOLG_SPAWN_OF_AZOG,ANCIENT_ENEMIES,DWARF
BOLG_SPAWN_OF_AZOG,ANCIENT_ENEMIES,ELF
BOLG_SPAWN_OF_AZOG,BURLY
BOLG_SPAWN_OF_AZOG,BRINGER_OF_DEATH
NARZUG,EXPERT_SHOT
NARZUG,POISONED_ATTACKS
NARZUG,LETHAL_AIM
FIMBUL,EXPERT_RIDER
FIMBUL,HUNT_MASTER
YAZNEG,EXPERT_RIDER
YAZNEG,PRICE_OF_FAILURE
DALE_GIRION,HATRED
DALE_GIRION,WINDLANCE_TRAINED
DALE_GIRION,LORD_OF_DALE
DALE_CAPTAIN,HATRED
DALE_WARRIOR,HATRED
DALE_SIEGE_CREW,HATRED
BARD,SHARPSHOOTER
BARD,RAPID_FIRE
BARD,SWIFT_SHOT
BARD,WINDLANCE_TRAINED
BARD,BLACK_ARROW
BARD,SWORN_PROTECTOR,BAIN
BARD,SWORN_PROTECTOR,SIGRID
BARD,SWORN_PROTECTOR,TILDA
BAIN,FAMILY_BOND
SIGRID,FEARFUL
SIGRID,DA_DOWN_HERE
TILDA,FEARFUL
TILDA,DA_DOWN_HERE
