id,profile_id,name,points,external_id,assigned_profile_ids,assigned_relationship_types,exclusive_group
IH_WR_BANNER_SHIELD,IH_WR,Banner and shield,26,OPT0721,,,
IH_WR_BANNER,IH_WR,Banner,25,OPT0722,,,
IH_WR_SHIELD_SPEAR,IH_WR,Shield and spear,2,OPT0723,,,
IH_WR_CROSSBOW,IH_WR,Crossbow,2,OPT0724,,,
IH_WR_MATTOCK,IH_WR,Mattock,1,OPT0725,,,
IH_DAIN_WAR_BOAR,IH_DAIN,War Boar,25,OPT0718,,,
IH_CAP_CHARIOT,IH_CAP,Iron Hills Chariot,170,OPT0719,,,
IH_CAP_MATTOCK,IH_CAP,Exchange shield and spear for Mattock,0,OPT0720,,,
IH_GR_MATTOCK,IH_GR,Exchange war spear for Mattock,0,OPT0726,,,
BOFUR_TROLL_BRUTE,BOFUR_CHAMPION_OF_EREBOR,Troll Brute,100,OPT0734,TROLL_BRUTE,WAR_BEAST_COMMANDER_OF,
DALE_WARRIOR_BANNER,DALE_WARRIOR,Banner,25,,,,
DALE_WARRIOR_WAR_HORN,DALE_WARRIOR,War horn,25,,,,
DALE_WARRIOR_ESGAROTH_BOW,DALE_WARRIOR,Esgaroth bow,2,,,,
DALE_WARRIOR_SHIELD_SPEAR,DALE_WARRIOR,Shield and spear,2,,,,
DALE_WARRIOR_SHIELD,DALE_WARRIOR,Shield,1,,,,
DALE_SIEGE_VETERAN,DALE_SIEGE_CREW,Siege Veteran,0,DALE_SIEGE_VETERAN,,,
IH_SIEGE_VETERAN,IH_SIEGE_CREW,Siege Veteran,0,IH_SIEGE_VETERAN,,,
BARD_WINDLANCE,BARD,Windlance,50,OPT0735,DALE_WINDLANCE,CREW_OF,
BARD_ARMOUR_HORSE,BARD,Exchange great bow for armour and horse,20,OPT0795,,,
IH_WR_SHIELD_SPEAR_FIVE_ARMIES,IH_WR,Shield and spear,2,OPT0782,,,
LAKE_TOWN_MILITIA_SPEAR,LAKE_TOWN_MILITIA,Spear,1,OPT0798,,,
DG_HOC_FELL_WARG,DG_HOC,Fell Warg,20,OPT0702,,,
DG_HOC_ORC_BOW,DG_HOC,Orc bow,5,OPT0703,,,
DG_HOC_TWO_HANDED_WEAPON,DG_HOC,Two-handed weapon,5,OPT0704,,,
DG_HOW_ORC_BOW,DG_HOW,Orc bow,1,OPT0705,,,DG_HOW_WEAPON_CHOICE
DG_HOW_TWO_HANDED_WEAPON,DG_HOW,Two-handed weapon,1,OPT0706,,,DG_HOW_WEAPON_CHOICE
DG_HOWR_ORC_BOW,DG_HOWR,Orc bow,1,OPT0707,,,DG_HOWR_WEAPON_CHOICE
DG_HOWR_TWO_HANDED_WEAPON,DG_HOWR,Two-handed weapon,1,OPT0708,,,DG_HOWR_WEAPON_CHOICE