profile_id,heroic_action_id
DG_NEC,HEROIC_CHALLENGE
DG_NEC,HEROIC_CHANNELING
DG_NEC,HEROIC_STRENGTH
DG_WK,HEROIC_STRIKE
DG_KHM,HEROIC_STRIKE
DG_DH,HEROIC_STRIKE
DG_FS,HEROIC_STRIKE
DG_LS,HEROIC_STRIKE
DG_AK,HEROIC_STRIKE
DG_SM,HEROIC_STRIKE
DG_HOC,HEROIC_MARCH
DG_KEEPER,HEROIC_CHALLENGE
DG_KEEPER,HEROIC_STRENGTH
DG_KEEPER,HEROIC_STRIKE
AZOG_THE_DEFILER,HEROIC_CHALLENGE
AZOG_THE_DEFILER,HEROIC_MARCH
AZOG_THE_DEFILER,HEROIC_STRENGTH
AZOG_THE_DEFILER,HEROIC_STRIKE
GUNDABAD_ORC_CAPTAIN,HEROIC_MARCH
DALE_GIRION,HEROIC_ACCURACY
DALE_GIRION,HEROIC_STRIKE
DALE_CAPTAIN,HEROIC_MARCH
BARD,HEROIC_ACCURACY
BARD,HEROIC_RESOLVE
BARD,HEROIC_STRENGTH
BARD,HEROIC_STRIKE
BAIN,HEROIC_STRIKE