army_list_id,profile_id
DG_ROTN,DG_NEC
DG_ROTN,DG_WK
DG_ROTN,DG_KHM
DG_ROTN,DG_DH
DG_ROTN,DG_FS
DG_ROTN,DG_LS
DG_ROTN,DG_AK
DG_ROTN,DG_SM
DG_ROTN,DG_MGS
DG_ROTN,DG_MHS
DG_ROTN,DG_KEEPER
DG_ROTN,DG_HOC
DG_ROTN,DG_HOW
DG_ROTN,DG_HOWR
DG_ROTN,DG_FW
DG_ROTN,DG_CASTELLAN
DG_PITS,AZOG_THE_DEFILER
DG_PITS,DG_KEEPER
DG_PITS,GUNDABAD_ORC_CAPTAIN
DG_PITS,DG_HOC
DG_PITS,THRAIN_THE_BROKEN
DG_PITS,GUNDABAD_ORC_WARRIOR
DG_PITS,DG_HOW
DG_PITS,DG_HOWR
DG_PITS,DG_FW
DG_PITS,DG_MGS
DG_PITS,DG_MHS
IH_IRON_HILLS,IH_WR
IH_IRON_HILLS,IH_DAIN
IH_IRON_HILLS,IH_CAP
IH_IRON_HILLS,IH_GR
IH_IRON_HILLS,IH_CHARIOT
GARRISON_OF_DALE,DALE_GIRION
GARRISON_OF_DALE,DALE_CAPTAIN
GARRISON_OF_DALE,DALE_WARRIOR